캐츠랑 전연령 리브레 5kg 캣츠랑 고양이 대용량 길냥이 길고양이 사료 고양이밥,"10,950원",https://cr.shopping.naver.com/adcr.nhn?x=KF8Mr0NWtMYRRb1gAS4IHv%2F%2F%2Fw%3D%3Dsvj5StKvUqx6489VGktOjCOi2RZrXwA7Jt7GARqwylYB3LE1%2F%2FbGG9nNijfsVoKSJPehMToaMDW%2FZsEraCtWhm64T0uReYgWWd4t7l5pGiE7eEoM13qDuFfXFsdt%2Bvyr%2F4V9Tt2Upn4s2HA424mI9KScX2AUq8VPh3PK%2Fo8l8aTkQ30gwb0ZAWnfX3Zzr1ayRA4OMZonxNAtr8iPsB8xvHijwXM0RzfNDX2ErWT3by1VdfDp9PuDk%2B%2BnTF9dtYLGeB7P9jx5KZr1oy9qstZx7m7HKhjMEE316FsaE6gyQikUYmj7fU%2F3duWbmnQpbrKzEXa1PYAb0zmPF1cRoKRscXU94iBnZMUi27R9r%2ByvyLxBBGtjiNfYSd8qPAR%2BO%2FpmcpTxkvg%2B4Rr7iKJEpj5XxpxRiK1%2Bae%2FUMRserJ47YJ%2BzxcBfl6EP%2B6lYs%2F%2BXSJWmN8%2BCccLalg%2FDzp3%2Brb%2FDXcvXFjqi7Lez2Df1jF3e%2BlirSZGLaeQI%2BptOnNGo5fKeRwdoO0wR0%2BwTFRzd%2FR8WjwaY6loNIDLXqZe539yO6hcjQH4ocitMA5XffcTPnx7xj1jlc79WS6nE0GgHLpXIZhs66fSdAs1NOJsgxjvoKLdPcNK%2Fsky7dwZy%2BHdW%2BbxhgEDBr1ECinKyL51MYYoR2J1aFndIwdNwuWmKtx1HNSCrUkiyUGZ3FpPHvE7X48%2Bhb&nvMid=82432330790&catId=50006679
마이펫닥터 시그니처 캣 푸드 유리너리 헤어볼 컨트롤,"32,700원",https://cr.shopping.naver.com/adcr.nhn?x=XYaNXm%2BjiH8gJwfvp%2FIh%2FP%2F%2F%2Fw%3D%3Ds3OtaM2DlyY3575KDRznBZPj09q6IR6CdPJ6%2FMCFPldpyyO40cuyuY3j0PiedzqnIoNyQYRCv6rDMBSczdZoAwkeQtZRBjPluGhUo9fGBq68ZSwC068DVCO9IrvDuyA%2FLtZMvAly41ZjKBd%2FU33Vzl0ls1M9xucXxkPPt7QTmSRFr6kdrp7BvT8OlwZ7P37Yyk4Cy8Zq63G7I%2FlTHsfYYxNmFwALfTaAMmv1g6zDYLaN18bgcjglj0RFyVHgHDNCc19reJdRMLJTAb2Y1Tuj1pbAkVbmKmve9n%2BP63UJ4RLd%2FYQC6kVwXaA7h%2BqznJwQew6ZjbtkbN7RD61dGUzg7G1qsmhWtsS26cBgiQoajA6rZdPGc0O26JXAO04KnggO1MYtTqz2d9AlLB1q5Qt4F7I%2BIenrOFwU7K%2B2psuAmz%2B5X0yMoFcEw4SfwEa%2FdNX5gLpTEl5qHQ6bSWQg5m1P1kjoluZWWzWimTzJCjHpHyvfpTnblMnFDgXmfqr8V4v4akKNeVo21SYTVQ0b3Tcc0t85g08RdcyPSTcJjKx9C0YMz5kzvHU6v6av0XeM6FyMInKZhO2S5R5wqC%2Fs1ckIrwtJ6ht1m%2FL7oatRmj4T%2B%2Fg4NauEcRynSn%2F8orOK7nc90OuzOoRp7cnbrKe02r7ARxrediCX5SaJMxixxWS0IAEJXc50eBITwugSNPH3Ok09sVpGw61BSdoQRvEGgfFlc5w%3D%3D&nvMid=41921405618&catId=50006679
잘먹잘싸 황금변 피부 모질 고양이 사료 연어,"19,800원",https://cr.shopping.naver.com/adcr.nhn?x=WI7zjrZUn%2BKftJe3L5HGn%2F%2F%2F%2Fw%3D%3DsMwXA17afhZUeeqPit34t8IS1VtjhezUle9POhY3YQTxyyO40cuyuY3j0PiedzqnI6nm%2FIIwUq3cjIN%2BnVa6J1BeGsHYllTtr3HSb8Om63i8ZSwC068DVCO9IrvDuyA%2FLtZMvAly41ZjKBd%2FU33Vzl0ls1M9xucXxkPPt7QTmSRFr6kdrp7BvT8OlwZ7P37Yy7FqXWuR0QfYjs0mBjcm87Se6GLpn%2BEyjOMgfox%2FhDBh18bgcjglj0RFyVHgHDNCc19reJdRMLJTAb2Y1Tuj1pbAkVbmKmve9n%2BP63UJ4RLd%2FYQC6kVwXaA7h%2BqznJwQew6ZjbtkbN7RD61dGUzg7G1qsmhWtsS26cBgiQoajA6rbfR%2FYJHQ24pakRbQGWYaU7pPdsO2laUIQ4dxtyds9ro%2BIenrOFwU7K%2B2psuAmz%2B49jdCMlM0msPCD%2F1uaL1v%2BLpTEl5qHQ6bSWQg5m1P1koOrJQ1W0Al5b4OTNvkUFfzD%2FwatTA9SG7OSMXaoQxSuI9bTzWs%2BV1rmruf%2FiQWVVXoSbpVg1sbhlgI7gsipujLaESeKovfmG5ario9CzA1V8peXYW6uT1GZA9LKW4Jig7ruoVk0MBFhxmRFA1PBjCnIP1IdXPFHvVaOW%2BaBr86vHgyFaftohQGWybJmWleNgqaZ0I6FOBgZXZDXgLMGGhUdHI8FZtQVGFZJxOyBDKc%2B&nvMid=37768536618&catId=50006679
에브리캣10kg 대용량 고양이사료 전연령 길냥이밥 길고양이사료 팜스코,"22,000원",https://cr.shopping.naver.com/adcr.nhn?x=ZK6ijm4Ub15eZG69GXrR6f%2F%2F%2Fw%3D%3DscgWVjsE5gEbCM2MflF5fJAMzhABLWMQO3rryzmwl0OJyyO40cuyuY3j0PiedzqnIgtkzqi%2BNSUrktmb%2FSEqZoGAj0WY1cOyvkzM71aQGppEZSwC068DVCO9IrvDuyA%2FLtZMvAly41ZjKBd%2FU33VzlwY7th%2Fb5X%2Fu%2F1YFVAUnhxaK4j5MTwF45Ni1%2FMJqrSg0RHLFfqXD6B9cW2MbvaH4K8cemEoyKkAYC1j%2BlDGJeRc5A0SXHAxpamOmMw8UDXhzEIZJB1yuP5kkcuYnGBP9uwVt%2Bq%2BEGbIURH4Pt76u0TaW14XGkKmgkvwIhaCl6d8JTvu36eg%2FvYLNuhceFf%2Bo5wCmYdBLtrsNC8GhwhsVY7FqC2APTixm40%2B6d4pC8ve6q6aHcGTPqKZbz%2F8FAoG4UZB%2FvOo8jlBLeiYYKpFKHaTO3JY5Mz%2F6BFIwqgdzfkwjFVlldwRT5rxyNxpwr7e8dV4T6AE7%2BMfChRz0QQGKkz6Oa0rJAyB97JKNBwGAIEA53qVFmVWzu9A5c6D%2FjU2omvIMRN8aMwhXvc6wOGmScUs27FL9duWqZw%2BLm%2FHqKFsNdH0g2z1mnGI56RXn%2BRsxce6x1g9yOrOjN8sWVH6omlDqpqxGD9WFyLRG2sw%2FvmlnFcTPRqFmjz13qJLq2ld1GA4SwcLvxUEucVmH%2BcOht40%3D&nvMid=82698984308&catId=50006679
프라임캣 골드 15kg 고양이사료 대용량 전연령 길냥이밥 길고양이사료 뉴트리나,"24,900원",https://cr.shopping.naver.com/adcr.nhn?x=RfQ4gjuL7TW7XMY6gKNDSv%2F%2F%2Fw%3D%3DsTvp7nUuYgDXjjVoD1KGuYq6g9HydMsWH9UocpxUb5MXlvfv7DUtL2l91cQi8FExWmMZWqCbUe9woH8vp951i9et2lfg%2Bc0JjWaFHKW%2BJO262jvKmxZwWpWeh8fSbzJbddrlb%2BXHYcFSreUM0APz734ZYgwI2fs40XR%2FERq%2FGNyfWK4fiV391hyKbNzjTTmNItGIOdlNfgsHaa7%2Bfy%2BaQnMAH09h3c5uQDFH4b9%2BYK8P84irqoupb5cHtoCFQH9lAJV03cukp%2F9sq6JmLvPVclOjVZlcU1eAeSEoai0MrVpBl5ni5q1CzgyYpyqRV%2FqLBV36ogsAbT2GMBHUreotiQFBBu257oITDthAAHnuNsEeadxZRXqEEduyAXP2cqnJxLGxNsCn48iS1ELvexN%2BssopabbbQuQNdunMO2QT5TqciJoFJ5LD3dmf%2FZWX9gwKla1Bnv1sOoXekdZgmluPWJdtua8OKbQmXbdAkn29rvRmKvoZHVfC0o%2FcPcrdIafoDpHID5WSi3gPhYtrAx7A2cItCEtYcfigTK8nnF3ymxEjNsSeEYZvxpNq%2Fhy0zna%2B305%2FiL3MWsFcTbnjz%2FZLXre%2BXnLlojUJ7I8bg0oUsSRA8P1rVoxy1N%2Fl4zvPfmNADXbai%2Fh4sDZpxog669Ft9Ys2OqH9l6YII5ugOGfB4CYY%3D&nvMid=86340219528&catId=50006679
뉴트리나 프라임캣 그린,"27,080원",https://cr.shopping.naver.com/adcr.nhn?x=kjdSuM7h5wibpvmQwmPSt%2F%2F%2F%2Fw%3D%3DsQNQRcYG8UVLEIEJUl1M%2Fc2FfzJ2wX%2BdT6XTGP67SkwV3LE1%2F%2FbGG9nNijfsVoKSJm3BglwOlBLbcxmSooJiUnaE3GxtOOUoKMP3V%2FdN4pnLeEoM13qDuFfXFsdt%2Bvyr%2F4V9Tt2Upn4s2HA424mI9KdyGaSr%2B0dRu37W7MMIB4NFk9Io6iZoAfEBQfsbkhBMBbDAG9%2FXbSC9CQ6v8ACXszzA3d9L8DPIA03zx%2F4puY14JNDE3sA%2B63Ym5ZdmTkzbb8G%2BdSAWg6nqeGleSZFzX1wAjo3Fod201Lt5%2BKjueHR0LjgqDzbBF%2BT3sE3j69kq%2FgGwmPNX%2Fe%2BXkuZ30duRQYj%2FN1gL%2FBgCKENDMCz1nm%2F1b2Hib3V9PUlny3J%2B%2B4VOgs2i6N2KI17kCTL3WmfiP8oe01OtE2O0iRX4lzzIZBgA90QSEoSBBe17PU6KWxbmZsckzTqbxeSSgAFLHEsUV6SynyzM8buId6k%2BSj10Bn4vrVpA8PJhBMCFZgxE1mj7x1aibf%2FURqFvmN5ylVpBwFG0dG2pJhzZt3b4aN%2FUeUtn106yLlCB%2B5mBWRsgW8K1RsgMnDFtmjbz2PmLh9BvAeTYCpWzF0UI7e%2FVmrrmpjrJj2w74BqFV%2FQ8WUEBfVrPXgqgOvq6z5EpEI5N2xav1Mg%3D%3D&nvMid=22370012708&catId=50006679
고양이사료 대용량 5kg 캐츠랑 캣츠랑 리브레 길고양이사료,"9,990원",https://cr.shopping.naver.com/adcr.nhn?x=gvwjvb0ht%2FF8WIaRc%2F3t%2Ff%2F%2F%2Fw%3D%3Ds%2FRbuUgbU4WcsBTtsoV8pUJhi3FeyvnbBw7kBYRp0o0NyyO40cuyuY3j0PiedzqnITPb%2Fc8C9f%2B8hopZxNA%2FLimewO5ctHfbyNhx7TYCX%2FeYZSwC068DVCO9IrvDuyA%2FLtZMvAly41ZjKBd%2FU33VzlwY7th%2Fb5X%2Fu%2F1YFVAUnhxaK4j5MTwF45Ni1%2FMJqrSg0W4MUWwJdzg%2FOjxt146SK2Nom399stk0ysQkBmBRlqIM5A0SXHAxpamOmMw8UDXhzEIZJB1yuP5kkcuYnGBP9uwVt%2Bq%2BEGbIURH4Pt76u0TbDy%2FxoggnzjOyj9noEbEvB0WMwfsIHGZzr9569U4cBQQCmYdBLtrsNC8GhwhsVY7HAhIZsZ521OuYl1tahwlBC6rbjWsY9qEifrbEt8fc4l4HMS%2F0%2FJCkWB3SwvuNj4OO8PIlTVRol1ebp7FWrCaBxDHEA5JhRAkNczXUjvsiLnjhLLPqCAde06S8MF3Fus4e3VSN6klaldUgCJqgb0NNSBc%2Bw%2FyiKWOVZhoKKF52YdJhHpSS%2Figyh2F1z%2BMEW6ekP7UbNjIJABWwM7q6UxJuWERyOwAdi60bwDG%2ByAJLKHA8s33O5bEUTqbyRymEepjVs8tmQO0fdBo0Sw2g5bO1OgqgOvq6z5EpEI5N2xav1Mg%3D%3D&nvMid=86972705495&catId=50006679
캐츠랑 리브레 전연령,"9,920원",https://cr.shopping.naver.com/adcr.nhn?x=oxGYCOhNbNVKoC9H7gFBxf%2F%2F%2Fw%3D%3DsR9KllsBCD%2FfzVduAtZ7qORMVfeJsUlWAMMkXaE8BJXHlvfv7DUtL2l91cQi8FExWiJSaHf4t5pJkTdcjSWV%2B%2BbXxzar5ebqdIMmnEIzKd6y2jvKmxZwWpWeh8fSbzJbddrlb%2BXHYcFSreUM0APz730gAn8lD2%2BxrgblrBqYwPdWug%2B9sjA7rHdeMLkY%2BwIMU1sMVM0WLj2JYOEMjdsJe4hoxi%2B4ViC2tDpppCibZdQhBEyckz1DqXkfT8EP%2Be%2BpQ0OD1Elp2s%2Fh1j4PZFZ%2BVFItdIVMipf2YUByyvEE00A6vILxtYxzsWQA1HFpAwypHP2tfKoQ0NQPyiad34AQ6K9%2FdVvwtcOUlbNrGLU3RUnohotsYmDfj8GCVA3YTBDtkULwi9L40%2BwQ8nsPqaU2L%2Fr6SoeZHzu%2Ba4BoCGm7Xyw8POE%2FiuMcOsASlMt%2F3BKBJS13L%2FQM%2BCZuq6rpKOfI%2Bg1ZjmPt5KRXRx%2BSS0sovmGotbX9q9TMhSj%2FXasga4yxqT0wM8n6SHHdBuVsuDyhd9P%2BJndzpZsQCG1uHTFbYBS5P4PMPHCnudPTZjGRUD3iUaGSlxjQDNAwb6T8bswycDfjSV4butC8Dk8zHgUbSGPhayXn6DiW5pDuAQ%2FWDG5jNDVCYCaeglF2rgr1u2OQIzQ%3D%3D&nvMid=31231102621&catId=50006679
로얄캐닌 인도어 7세이상,"21,760원",https://cr.shopping.naver.com/adcr.nhn?x=OokjPV9B8kKpJjvMg4RlWv%2F%2F%2Fw%3D%3DsIOBMI5p83fKwAEvg36lewoSTxeJ9eveoylqIsVYPQ3N3LE1%2F%2FbGG9nNijfsVoKSJl5oqWUtVGcT%2Fr1l3Y%2Bf54h9NgJATg2MY%2BcE%2FiiSN1QNONrsY18ANwgXQ7Pekg3gvsvanAsyeHyBbL%2F5Ut%2Fe770bAoeRkvpJaJBMwPydFbM8QhkkHXK4%2FmSRy5icYE%2F27r1bdsVjK8u6bAChrUUK9HOLLhdkNwx6e85g%2FUbWULesJNDE3sA%2B63Ym5ZdmTkzbb8G%2BdSAWg6nqeGleSZFzX1wAjo3Fod201Lt5%2BKjueHR0LjgqDzbBF%2BT3sE3j69kq%2FgGwmPNX%2Fe%2BXkuZ30duRQYj%2FN1gL%2FBgCKENDMCz1nm%2F2riUsLhioTSOS08Z4nKMx%2FISFv7n5uAItYPm5%2BaPBVoOS6GojuTmpOLaPKM1X4rj2aruiwi47gAh%2BmMTB9p%2BnasckzTqbxeSSgAFLHEsUV6d0Nfex9vO6bTYA2wMqFAW6dM3v0mS9DBbQqCRvhotOHnYKtFewx5ub7PPviqzcvIx%2Ft%2Bh8QEXOPzp0hYMILtrjojlyrK6NLAHkJXwhfOfQ5ehkzm6TPp1h0P2FevnkdL26rBcyFGmuzG%2B2QyPLBY8xZhwgNnCls4JyAzz9dFwTsgqgOvq6z5EpEI5N2xav1Mg%3D%3D&nvMid=6538892924&catId=50006679
ANF 고양이사료 대용량 6FREE PLUS 5.6kg 인도어 어덜트,"49,900원",https://cr.shopping.naver.com/adcr.nhn?x=4idrpdBXDYRjvvSE%2Bu5y3%2F%2F%2F%2Fw%3D%3Ds%2B0%2BQvWM7G1vWznkiOvG1q3OuolULRKZ0VA8%2Bd5TZORNyyO40cuyuY3j0PiedzqnIl4uL2ODsu072fUEtAqGhE4%2FNkMlVH4APs49XoeY3PO8ZSwC068DVCO9IrvDuyA%2FLtZMvAly41ZjKBd%2FU33VzlwY7th%2Fb5X%2Fu%2F1YFVAUnhxaK4j5MTwF45Ni1%2FMJqrSg0jVdQ4bgNwY1T0Ct54dZLVKapeDzX8VB%2FJVssSEBVpNk5A0SXHAxpamOmMw8UDXhzEIZJB1yuP5kkcuYnGBP9uwVt%2Bq%2BEGbIURH4Pt76u0TawHpjfDo6OFiTsYEDv6LdYNw8tz25LZyH1vT3zxtplrH6X4FA0z3z0kty5Xdf7r8DzZEQLZl5uwnUS9bc6893IWb3BrmeaO4Ecxm5i6RfAdFx51Wq1NsGHWmhwSFVl2s8zwtK29lM5%2F1xW5bmEIXHAT7gJJft23JQGUZ1ucSHCTj6EapXTaaQGZ1zZxCtMIH3gb5eKIal57jTd2t8AbQfGJgPmR6BEwQqq1f7aJggieSmEzheSrB6vooBgHNaQHmf1TqeUfo8hezM7q4DqA%2FtmYFyS5I6r0q6n3sdpbFrhD8T4hVhtrQjN7BkuQ8i%2BYHvNjqh%2FZemCCOboDhnweAmG&nvMid=86248021596&catId=50006679
로얄캐닌 고양이사료 인도어 4kg,"56,800원",https://cr.shopping.naver.com/adcr.nhn?x=rTolhe5UenU8eyNh7V7BXf%2F%2F%2Fw%3D%3Dsszes%2BKGFY3BZy5SVwdgQzCnAVTUCS06VnppOt8E%2Bxmvlvfv7DUtL2l91cQi8FExWkYSOjEZJXcqSSoCoqQchsXO1sWK70tFa0ADZ%2Fu1%2B1CO2jvKmxZwWpWeh8fSbzJbddrlb%2BXHYcFSreUM0APz734ZYgwI2fs40XR%2FERq%2FGNyfWK4fiV391hyKbNzjTTmNI6wi5oBJ0IhBfDPO3US6CdMAH09h3c5uQDFH4b9%2BYK8P84irqoupb5cHtoCFQH9lAJV03cukp%2F9sq6JmLvPVclLGz521sthbElBXkgfbtDZXX02Pqrlxwf151PH3fcJOSf5S5ycDGuwbfEdv1A6kKwk0AwSKmqlls4LZQjIfMQT5ANOk%2FV7X9H124flwoVTiz3vKkyzWqx39Xv3jQEyAhO4xA2TIscF7IjqjLJgGJ0LLZcatQg4tz%2BLqff%2BgZGqHgKh2bnRIT8RnydTK2aO5ONGmaZ0m8rdl%2FsHEor%2FBQEsmFaxEVAlGWz94MEWVEWSSLIsiqIy2RrqUCNcfYj7on4EB7eq3FYE62tLaXR0z3d014EkyoIbngNioUgcXl4QuuP50vU6AOtsklaZSPiQW4R1aRsOtQUnaEEbxBoHxZXOc%3D&nvMid=82366359065&catId=50006679
로얄캐닌 키튼 인스팅티브 그레이비,"1,650원",https://cr.shopping.naver.com/adcr.nhn?x=rCVGhNBWfYpHHg%2Bn8IVrav%2F%2F%2Fw%3D%3DsZgfQ4%2Fuzz8cHXX8Z8U1LMtYFDjOHG9Dug13XYzyU4TRyyO40cuyuY3j0PiedzqnIj7Ey5oUH80q8YydadU3JseG6pe4wOrqGd%2BjM70czWegZSwC068DVCO9IrvDuyA%2FLtZMvAly41ZjKBd%2FU33Vzl0ls1M9xucXxkPPt7QTmSRFr6kdrp7BvT8OlwZ7P37YylHIUgR95DcWFxr2opLv9QQdo2wotlRVZ%2Bcf1ZwIHgGl18bgcjglj0RFyVHgHDNCc19reJdRMLJTAb2Y1Tuj1pbAkVbmKmve9n%2BP63UJ4RLd%2FYQC6kVwXaA7h%2BqznJwQew6ZjbtkbN7RD61dGUzg7G1qsmhWtsS26cBgiQoajA6qeQm1Nd1VXRmy3AQlrauJ2kJSqE1u6AUeUuHufxXkT4h5Jnmcl1zy%2F84etwNP3srcctzyf75QWRbqTUYA5Wl%2BpLpTEl5qHQ6bSWQg5m1P1kiOlvUzWG5%2BR0yyB229TES16c%2FY8XyVv06DNjgyr3cL8MFtmUduQEmSnkMhDBFgKBLsD%2FS9I%2B2LxwdjijZ9qy3An%2F7gWVQZQevbVuqM0q6m07vbRbdr3nc%2FMZpeayP6utvoLRdeTzJJo5DQ5ovPMjEWrLTEVMUZk3W88vHSOcWpXixmF8FvXe6QjiwU2OZ1aDstVYavx%2B%2B8fWZa9SBc8rqM%3D&nvMid=17742162668&catId=50006680
로얄캐닌 캣 인도어 27,"8,600원",https://cr.shopping.naver.com/adcr.nhn?x=2o0y7b9u9MyZ85KYndo1Nv%2F%2F%2Fw%3D%3DsJ%2FSAsBp5YWk7cDnye%2F6SCShgpLmRZi%2BzSdjn5B4E6OOPE0rvZrKZ4IYmOt4l2XuvOP5iKZJsGDhuzgfKRT7erDmBvEsaKNZe7WG9lO3piHcR8m%2BLYBi63iSHNJKGFS5f3CNNZX6StuFaNnPOvqqWJoZnlrSZr8PDPdBCvs8uWtdeJxHcKH4rYUhc5SxvGs%2FQlncKkzTlbF0VXS7OXyRewMjsZWTC1nxJX%2F2cqi5nO34Y4PjaoPhmmAikjKJWysGfm1BUauT18S0KW6k8SWFrmCDalGqmMcMYYHZgo72nQDg71KdeM1xXZUaJT7jRlNu6a%2BpHa6ewb0%2FDpcGez9%2B2Mmaf7oVVn%2BbTDsruUdhAA7ups6fw76yT%2BiYkZnDroI15OiSHso0SSRvAEEo5QU4QSjkCC2PVL1aaZ%2F37sIID8raMZNsrwuwQayX5f0lWv3ISSrGiurM74EaOV%2BVwtR51sjOmEuQ%2BuCel3tPwrUgemujBeJ9ZlBTinHOltKeFP3Wmn81Po3Rxz5QydKhf5%2BZP87r5zrEcQz6qeS5OEmyma5MRpOFzCbaM6OU97uoPifjrro1DQjqGW5zEEPyAyIBJfmpt%2FHHX1MGOcjFBZOQeJ%2BrHICEQpPL7Rm%2B2fyhjEhHR&nvMid=5665403950&catId=50006679
케어1 고양이 사료 장&면역 2kg,"27,000원",https://cr.shopping.naver.com/adcr.nhn?x=UBkHsAOFe8ykuEUYdH70CP%2F%2F%2Fw%3D%3DskQl15kfK2BKJk%2Be3swVOcnIT%2Bw8pfCBlgPDx9S4hrYNyyO40cuyuY3j0PiedzqnIuau7fqNmoQJlqmnRZvHwyVOUb6nVXVy0nci7F47FLbYZSwC068DVCO9IrvDuyA%2FLtZMvAly41ZjKBd%2FU33VzlwY7th%2Fb5X%2Fu%2F1YFVAUnhxaK4j5MTwF45Ni1%2FMJqrSg0PaSjdfI%2BewiwS2nU4%2BuzNv7%2BzB9958qBQyWLVMzNqc05A0SXHAxpamOmMw8UDXhzEIZJB1yuP5kkcuYnGBP9uwVt%2Bq%2BEGbIURH4Pt76u0TZtdwhzawWzytOP6Jp8gILZjkligKThxQ%2BB1I%2FdLbmXm36X4FA0z3z0kty5Xdf7r8Bb1ZYDoySu036e0UBAEwCbw5C0mMpv9Rd7F%2FWHZ2HgFnPLXxb%2BLvMA2bYzI8a2jWzU1moEpKAUhmc94INiCq4aeWAr3UyVa7uJi3A%2BhLwBPu0Ph37Jjtp9nuR0HHrbQhBQF19gG6EZFNttFS%2FmaZyxPOrObfidGXjGyPfTQK7J14XGIH01pIXjYFTFhoP1IyNo23XKiPLeqPzaB9XDt2O5A35CyMrpXQUt3%2FJvHupy5s1ITc7NlRPvorKrNyQBKaY%3D&nvMid=85288002736&catId=50006679
로얄캐닌 고양이사료 4kg 3.5kg 키튼 인도어 7+ 라이트 헤어볼 어덜트 피트 베이비캣 유리너리 샴 페르시안 센서블,"45,800원",https://cr.shopping.naver.com/adcr.nhn?x=5VUmIletygGuxx8TO0LHMP%2F%2F%2Fw%3D%3Ds%2F3ROJOJQsEt36ypd85IrBtYzK889A6t32jSQebFUWopyyO40cuyuY3j0PiedzqnIDjfmaJBTaKmNSTzdUBWwCGpb08peWQCBd8I3cOPU6NMZSwC068DVCO9IrvDuyA%2FLtZMvAly41ZjKBd%2FU33Vzl%2BFqlm7ZOHzGWjhqJNbJTkbgjhXeSgrJrt%2BL2GmW6Zt8DXbV26DRkFL4WdlcDS7U1Qolk17%2FvQWLwrXxuZIljGct%2B3zVNXeSWFMGhYf9rhj6pOr9sPYwajBkeE07IGGkJ5SCPsmGKllbt0kl8XIxCXSksWZV9icCeTzI3e2cSGdG3Jih5JDPy2lwRfv3C%2F9u5P4XKfJ5ixdTQ26yS7tNA1fTonCEEtQMrfudt4%2FfrqiHQ2gPB5hlEolEctNTMAmuAJMjzjAjSY8WFL6IcR0KnzD1feQmBevSjLPUx%2B6cT8jBGqVLdP5aAtSIoPoBW%2F182Yfbhgf%2BseKIXZtgaTOl0KwWSWPC4tVTvJZNip0wUCweb0nJJiUda5qQ2ktlgORvm37vOT7CqGBt5YtIQaSexk3eEJhfUhOGBnbs6pLwpZ6sO4gipYXH4Dtq%2BUW194T3uFzlo7kf32qsu6wkQu1KDX1xxlLPUS54NpKB%2F5mOehLRHrM3DLGjCkWuVrCIIG%2BjRCHxSPMSa3Ym8vf9p0zAMQELKi4wpJFc%2FU%2FxCTMSjVvkgqgOvq6z5EpEI5N2xav1Mg%3D%3D&nvMid=31260437969&catId=50006679
로얄캐닌 유리너리 S/O 하이딜루션,"25,480원",https://cr.shopping.naver.com/adcr.nhn?x=jdr%2BiOVJo3%2BkaXdCHXnFk%2F%2F%2F%2Fw%3D%3DscWEkXt1fre8ovHS4nKn0qzAzEYBTWhXDgu18gmcHK4nlvfv7DUtL2l91cQi8FExWFGAFo3s%2F3oxSFaPcEKktBbSFILUktGubl1eaMVCXToC2jvKmxZwWpWeh8fSbzJbddrlb%2BXHYcFSreUM0APz730gAn8lD2%2BxrgblrBqYwPdWug%2B9sjA7rHdeMLkY%2BwIMUHw91Q0FQ%2FuyQO%2BUdBjzq2Roxi%2B4ViC2tDpppCibZdQhBEyckz1DqXkfT8EP%2Be%2BpQ0OD1Elp2s%2Fh1j4PZFZ%2BVFItdIVMipf2YUByyvEE00A6vILxtYxzsWQA1HFpAwypHP2tfKoQ0NQPyiad34AQ6K9%2FdVvwtcOUlbNrGLU3RUnpiLiyNQ0dF8vX%2FxyXa0LRoULwi9L40%2BwQ8nsPqaU2L%2FhGMbyhVGjhqviHlvEAX785cIIzFWEsAXyBV6%2BSdHYDxS13L%2FQM%2BCZuq6rpKOfI%2Bg7kLB3l5%2BG460Dfo%2FJjGfw1mhTAMUN%2F%2FonarNDFtTu1CiFAGjxVEIKrTokrm1xbQY2wO6S3ePBWnhrg0PjN3wv4U1i5Tk2f1rzQxSLdN6ep6AYTYOqTv%2FsOm0kcFv3bjpLOLASquvPxbiQODgP1nCzm%2FVYi2irRGqAZfZ%2Fvag93Kb1NmOoRBMBsXNQGXzjfbC%2BFUQB%2FrDAzm2q1KHRsHkfE%3D&nvMid=16132734866&catId=50006679
로얄캐닌 캣 가스트로 인테스티널,"33,760원",https://cr.shopping.naver.com/adcr.nhn?x=16R8EHqFrrybyY0mkS5t8P%2F%2F%2Fw%3D%3DsEJX14PbkSuPsI%2FMznvV6o6AxcrenfwWil9qSz00BdYrlvfv7DUtL2l91cQi8FExWbQLCRSAb4HNi5eu9M6gE63O1sWK70tFa0ADZ%2Fu1%2B1CO2jvKmxZwWpWeh8fSbzJbddrlb%2BXHYcFSreUM0APz730gAn8lD2%2BxrgblrBqYwPdWug%2B9sjA7rHdeMLkY%2BwIMUtGas4IkHFBBdbV4Vi8%2FXURoxi%2B4ViC2tDpppCibZdQhBEyckz1DqXkfT8EP%2Be%2BpQ0OD1Elp2s%2Fh1j4PZFZ%2BVFItdIVMipf2YUByyvEE00A6vILxtYxzsWQA1HFpAwypHP2tfKoQ0NQPyiad34AQ6K9%2FdVvwtcOUlbNrGLU3RUnrxo5tosCUAASKONUK511U5ULwi9L40%2BwQ8nsPqaU2L%2FiSsnI%2B24BzxKOLPIk%2FlM9CCvbKS8nDih7PS%2F3daZKcKS13L%2FQM%2BCZuq6rpKOfI%2Bg4Nb1gz9iUlsckaQVjEUIaniHg5dKXZXCxkyD6%2BIJpXTnvQxykBqoRoLTm4JG2Oq16WTmwSclDy7oEMttVBE33u4W3wO8z6AlYDxR6ZrVg9IAYTYOqTv%2FsOm0kcFv3bjpBM%2FlvXnZW9vEI1vMKoth5175%2FFKuk0JpLXrDlGGLaTHb1NmOoRBMBsXNQGXzjfbC%2BFUQB%2FrDAzm2q1KHRsHkfE%3D&nvMid=29227018619&catId=50006679
로얄캐닌 캣 레날 위드 피쉬 파우치,"3,350원",https://cr.shopping.naver.com/adcr.nhn?x=IW13m1Sj4fAU6hF48IZQ%2F%2F%2F%2F%2Fw%3D%3DsLZw4V0x5f2%2Fx9osqNuiQdBQMWv%2FqRVUwoq7sxApGd9RyyO40cuyuY3j0PiedzqnIW1nWhpq3WpGz5otv0mPl80us%2FJIrdv%2BZ381Y%2BZ%2Fh%2FAwZSwC068DVCO9IrvDuyA%2FLtZMvAly41ZjKBd%2FU33Vzl0ls1M9xucXxkPPt7QTmSRFr6kdrp7BvT8OlwZ7P37Yyi7FvZlwzP992rrF4aME1RcPoQWbPzB1cVF89TSjFKvV18bgcjglj0RFyVHgHDNCc19reJdRMLJTAb2Y1Tuj1pbAkVbmKmve9n%2BP63UJ4RLd%2FYQC6kVwXaA7h%2BqznJwQew6ZjbtkbN7RD61dGUzg7G1qsmhWtsS26cBgiQoajA6rz4ISoIIAjEYUWooK6%2FS12ycWs3TjDHVv4c1SqsXutuR5Jnmcl1zy%2F84etwNP3srcmMKzcpm4EF8G0EOT%2BiqfTLpTEl5qHQ6bSWQg5m1P1kpUMLS7PS1wExD1AnQ2sXOLK3fJTeq%2BfuWr6%2FgFNMuqo%2FLpvT50tHUl0fDVocl%2BMELE%2FSS14O30XB6O4Nkkw1E7Ok8ENpV7ytbgDZZHApMkLjO1jVz2m6vaOoDppc65Bjb%2BGBoyQkiFtSLwcV09cBvfEmH0Alz8zDaGdYPh57Nup28DPcQ6E0zSgWT8hvAvMVoVsN%2FiAcjmtIwlTUFZwg6A%3D&nvMid=26557052523&catId=50006680
로얄캐닌 캣 인도어 7+ 그레이비 파우치,"3,790원",https://cr.shopping.naver.com/adcr.nhn?x=bWXorK5Hd9ecg0YXglOOkv%2F%2F%2Fw%3D%3DsgxWoFxTsv0KCCKzWb4VO71N4IryeZjrHvBzMJOD7MolyyO40cuyuY3j0PiedzqnIiftqGZQ0ByNFAW8hQ6JQEj5cnsb99FF5HevKrZBN%2F8gZSwC068DVCO9IrvDuyA%2FLtZMvAly41ZjKBd%2FU33Vzl0ls1M9xucXxkPPt7QTmSRFr6kdrp7BvT8OlwZ7P37YyDjTgN0lnj9KLgw5DP0cOydmFwALfTaAMmv1g6zDYLaN18bgcjglj0RFyVHgHDNCc19reJdRMLJTAb2Y1Tuj1pbAkVbmKmve9n%2BP63UJ4RLd%2FYQC6kVwXaA7h%2BqznJwQew6ZjbtkbN7RD61dGUzg7G1qsmhWtsS26cBgiQoajA6rcQeKyUWUP44XCqwuVe1%2B2dXuuPsatgYU9id2jTf8AfR5Jnmcl1zy%2F84etwNP3srdICbsNaARKlLvaZcCHqNjDLpTEl5qHQ6bSWQg5m1P1kgDEPOUvyNS3vHEMRGZLvqYih8nMxtHxjCOE8BOAhv9pM2E5D1UvALGb0VVpTdwFV2MiPsjwUgVuYlSI3VKM6fX7ejXLE69g2SJJHARCnCUgwQo4U5DxcPG%2ByA7HxvDdnWJxyHBE3CYnzhPLG%2BOCDMXKbF2Q4hoCaBbvmA2mQEeMa6Wzp0XWRTtL6Nqf%2BhVwwuR79U%2F6Az3gE9mQ%2Flgn57E%3D&nvMid=31216445618&catId=50006680
캐츠랑 전연령 단백질원 75% 이상,"10,000원",https://cr.shopping.naver.com/adcr.nhn?x=MeIHVvIsNwWTktFcC%2Bhbqf%2F%2F%2Fw%3D%3DsRFBN1GFa9FKeagINa50UJwC%2BZjxckdfCCyb5PJWtkYLlvfv7DUtL2l91cQi8FExWhxjX7mMCH0Ewp%2BQXBC78%2BDYu5Ob%2BctH%2B04eJtZJ9u0W2jvKmxZwWpWeh8fSbzJbddrlb%2BXHYcFSreUM0APz730gAn8lD2%2BxrgblrBqYwPdWug%2B9sjA7rHdeMLkY%2BwIMU4%2FZChEJkpqPsxq7Ukan8IRoxi%2B4ViC2tDpppCibZdQhBEyckz1DqXkfT8EP%2Be%2BpQ0OD1Elp2s%2Fh1j4PZFZ%2BVFItdIVMipf2YUByyvEE00A6vILxtYxzsWQA1HFpAwypHP2tfKoQ0NQPyiad34AQ6K9%2FdVvwtcOUlbNrGLU3RUnpokiatHPOfaZ3vqqzi%2BaavULwi9L40%2BwQ8nsPqaU2L%2FhGMbyhVGjhqviHlvEAX787OKvJ3AIDrpWR%2FT3ewGibRS13L%2FQM%2BCZuq6rpKOfI%2Bg315JoP4EAYvn001ehIM90jwlknSqJoK5HBXM6yfE09tZ0gmx2cMtnliEmAFkhL3mDFHfcKW0dtqyEiYiiP4QZGBwaIciQQ4tuw7hjFGqW2eUTeuJgZvRvEK7gZCw3B0%2BpJ%2B8YHhuPHSkMYz%2FSHClZKbHUWARSpX6wg0YFgPMrb6Wsl5%2Bg4luaQ7gEP1gxuYzQ1QmAmnoJRdq4K9btjkCM0%3D&nvMid=16550679289&catId=50006679
캐츠랑 20kg 전연령 길냥이 고양이 대용량 점보 사료 캣츠랑,"39,780원",https://cr.shopping.naver.com/adcr.nhn?x=Z%2FFdt9%2FqhUnXHgsa8kIvm%2F%2F%2F%2Fw%3D%3DsAxTq1H6HBK8L65cJwIU%2FubhdWPPG1jBHaqtSy50Q8793LE1%2F%2FbGG9nNijfsVoKSJgeEhaKvCuuuz%2FwoGVTg5VD9Qo2zJSkc0dF6ugIhTpCPeEoM13qDuFfXFsdt%2Bvyr%2F4V9Tt2Upn4s2HA424mI9KScX2AUq8VPh3PK%2Fo8l8aTkQ30gwb0ZAWnfX3Zzr1ayRZeYznXAZGww%2Buqa16tTAoFjyo%2BjSNUrWaM8Tx8KbubldfDp9PuDk%2B%2BnTF9dtYLGeB7P9jx5KZr1oy9qstZx7m5od0mIA3xQIFThNveYvqxA5Lr8u7JlMyoxmE4CrTm7Bu%2FaZDunUnivakt%2BfqGUOHO1ZC%2FbMIWTLmlc0WUmYMTdPnWP19FvC5r2%2FSXNwOStE0Kn8uXDKD7HJdogHf7%2FhaMdJQOty%2FudEDc%2BqFADzO38g%2BpBoW%2F7ncI9esah7kOJAkyluCeOJf%2BdT0mgd1QIzAGkmodtjJUFhzKO5orCSoXDz8YXRXYQ%2FfYtgvK4nnHcDctdn%2BCkcR9CYaKE5geZOwUzFx4rjhaxbK%2BbraVMsprOsGvSZZnJA2yQCVBBr3HxBOe2210PfvyG9gMRmXG073XnUGgwvZM2FYx8RCmWDlvhi47F6mu4l32wwpzBdgByjHRyPBWbUFRhWScTsgQynPg%3D%3D&nvMid=85849907309&catId=50006679
오리젠 캣앤키튼,"5,990원",https://cr.shopping.naver.com/adcr.nhn?x=%2FqYQjMJ5y%2BT18PkF6sNrSf%2F%2F%2Fw%3D%3Dsgef4Mfm23V6dGtZC43eNQf9kkjl5D1a0w0DJ9Lb0Khp3LE1%2F%2FbGG9nNijfsVoKSJp2j1bFia%2BKvN3IVga3krUe3f%2B0Dw8vLY7spTXUnchc1ONrsY18ANwgXQ7Pekg3gvsvanAsyeHyBbL%2F5Ut%2Fe770bAoeRkvpJaJBMwPydFbM8QhkkHXK4%2FmSRy5icYE%2F27ca1sfhdLwMjseADBx3%2FIFl0dRF8wxZRYp0Q5TqJdSgEJNDE3sA%2B63Ym5ZdmTkzbb8G%2BdSAWg6nqeGleSZFzX1wAjo3Fod201Lt5%2BKjueHR0LjgqDzbBF%2BT3sE3j69kq%2FgGwmPNX%2Fe%2BXkuZ30duRQYj%2FN1gL%2FBgCKENDMCz1nm%2F3xzqiXWEKX2josAB0OA8B9ISFv7n5uAItYPm5%2BaPBVoOS6GojuTmpOLaPKM1X4rj1vgIG%2FvNfUntY7PFVcK%2BytsckzTqbxeSSgAFLHEsUV6SwSAikoaht2wE7jmHPoEmuZj8mZ2nHsyWeDoKyxJUucECKTx%2FnTomf8M0iONzXJdckk0tqbHsakreRIeatiVXuIDf9TYDOC4LzgCehLsur5XGgfiU5X9X%2FkMNM76vFKck0ov9BvIeumSJCLFDSdHcBXc50eBITwugSNPH3Ok09sVpGw61BSdoQRvEGgfFlc5w%3D%3D&nvMid=5764980222&catId=50006679
로얄캐닌 마더 앤 베이비 캣 울트라 소프트 무스,"1,800원",https://cr.shopping.naver.com/adcr.nhn?x=pkeRgjephlE3HkexLJIZNf%2F%2F%2Fw%3D%3DsmHVOZAWHB4GeBCSlgKzwFj216cr3ul2tpAApR8eEz0Llvfv7DUtL2l91cQi8FExWPM3EpOsaUoEvwC173HX7yCzLh89hrjsHhL%2BLbQi6cze2jvKmxZwWpWeh8fSbzJbddrlb%2BXHYcFSreUM0APz730gAn8lD2%2BxrgblrBqYwPdWug%2B9sjA7rHdeMLkY%2BwIMUd200GpM0pk2pWGNqP1GzXBoxi%2B4ViC2tDpppCibZdQhBEyckz1DqXkfT8EP%2Be%2BpQ0OD1Elp2s%2Fh1j4PZFZ%2BVFItdIVMipf2YUByyvEE00A6vILxtYxzsWQA1HFpAwypHP2tfKoQ0NQPyiad34AQ6K9%2FdVvwtcOUlbNrGLU3RUnoDk%2FEIf1ir6Mir96FC4sDBULwi9L40%2BwQ8nsPqaU2L%2FoKBqgA5xyV6hzSSC1HPIXUmJIUziZqZbionUBq2xAW4S13L%2FQM%2BCZuq6rpKOfI%2Bg1CzdPSyReR%2B8AOLgJbpziO8MHmPZ2b1DTN3rgYHQrly2OMRFYljJadPcLY%2BXvqZ734H5CTDnH%2F8rAEJ44jiK1V%2FaiQKMuVDouppwS3XnpL9XSsrdC8FdJhc9%2Far0o9jgU%2Fg8w8cKe509NmMZFQPeJQTquG1o4bxdglmnuXTj0sjmIZIE5wit%2BOEVCTsy83GmJwE9EhwDeN7oSUGvzDb5XIGruH08DlKshetxY8KUEZb&nvMid=14239496377&catId=50006680
로얄캐닌 캣 키튼,"8,470원",https://cr.shopping.naver.com/adcr.nhn?x=4n310SooUDkjRGaJYJo%2Fpv%2F%2F%2Fw%3D%3DshbvH4oMkPUZut5SQkQwdClluZrqBdjUWuDyWGzvGH893LE1%2F%2FbGG9nNijfsVoKSJppuGY9Cdy%2BcFpvW%2BFikDHRjzoJGLMWGTGCoSlv9jYTHeEoM13qDuFfXFsdt%2Bvyr%2F4V9Tt2Upn4s2HA424mI9KdyGaSr%2B0dRu37W7MMIB4NFk9Io6iZoAfEBQfsbkhBMBL69XBZ0W46Xggg7Ta%2FjYcn6mjmxvI5Yh8PhKEyfOATcJNDE3sA%2B63Ym5ZdmTkzbb8G%2BdSAWg6nqeGleSZFzX1wAjo3Fod201Lt5%2BKjueHR0LjgqDzbBF%2BT3sE3j69kq%2FgGwmPNX%2Fe%2BXkuZ30duRQYj%2FN1gL%2FBgCKENDMCz1nm%2F0r8cpN6eb0dyZBBFcnwlzos2i6N2KI17kCTL3WmfiP8oe01OtE2O0iRX4lzzIZBgBovl0UwaXWA2536RFaDy6vsckzTqbxeSSgAFLHEsUV6YY3e9Z6683b1CkoVwkCFLP8hIc9QvkZrPKtuhRRD%2BUa811eJdKTNv%2BID3sbIFbzAVBSy3xbBHrnwuZ%2Bn2dDmCZicchwRNwmJ84TyxvjggzFXOx%2B5xRT56Hngo%2FvKYnupo1kK3tTivoHXVxwcgGNgfbke%2FVP%2BgM94BPZkP5YJ%2Bex&nvMid=14659343390&catId=50006679
내추럴발란스 울트라 프리미엄 닭 연어 포뮬라,"12,800원",https://cr.shopping.naver.com/adcr.nhn?x=j5yCIyH7LocYyTuxkaZWbP%2F%2F%2Fw%3D%3Ds3LniqwpB0dWBM6B%2FgXtgj3aEiOd%2BhX2uWqNHJHsvtwvlvfv7DUtL2l91cQi8FExWenmKN%2FWXGyaakC2NV3pJ%2BeWA%2BI20nqFA9J7%2F8J1QS022jvKmxZwWpWeh8fSbzJbddrlb%2BXHYcFSreUM0APz730gAn8lD2%2BxrgblrBqYwPdWug%2B9sjA7rHdeMLkY%2BwIMUv4wnLO%2FKmpUvneOSzojaIxoxi%2B4ViC2tDpppCibZdQhBEyckz1DqXkfT8EP%2Be%2BpQ0OD1Elp2s%2Fh1j4PZFZ%2BVFItdIVMipf2YUByyvEE00A6vILxtYxzsWQA1HFpAwypHP2tfKoQ0NQPyiad34AQ6K9%2FdVvwtcOUlbNrGLU3RUnpA6DvaT%2BwMnb7qbYutSpqTULwi9L40%2BwQ8nsPqaU2L%2Fr6SoeZHzu%2Ba4BoCGm7Xyw8mZ3DzolDm7jaPO5rorxKLS13L%2FQM%2BCZuq6rpKOfI%2BgzO3LWTsN0QLZU%2FbfHQvnPLXyKulwQmL0%2FHjX3XgasXdqvcvEbp9E7HTRe3OshkwRqOuInwfQ1XmfH35WvRpRXYWEyW6RbleYYp%2Fz80i8kJ%2FP9w%2F78DTNDcfZheoTNwOghGk4XMJtozo5T3u6g%2BJ%2BOugZxxIVXKcpIDFE%2BKUJRQmQ7yUeqL6Cy1OjawmFTmM0ccgIRCk8vtGb7Z%2FKGMSEdE%3D&nvMid=33097531618&catId=50006679
20kg 대용량 프로베스트캣 캐츠랑 전연령 길냥이사료 길고양이사료,"24,640원",https://cr.shopping.naver.com/adcr.nhn?x=3L30elTTLRWIeSFmPN0A0f%2F%2F%2Fw%3D%3DsW%2BrfjbS7%2F%2BwecP3SISus4WGp8ThV3vaZ6Zn%2FYD%2FyLJB3LE1%2F%2FbGG9nNijfsVoKSJGib29gduD2ga3x6hK%2FuMSpO80rFHgNVKPHI%2FQK6JKdTeEoM13qDuFfXFsdt%2Bvyr%2F4V9Tt2Upn4s2HA424mI9KTezqF3tkXlD67OgCoQfJYqgpFDi7gyxC6PQhDk6O%2FmsnQG6UiWdLomcrPkQlstBZQ3NSXo%2BH5i1FDJ37NEZvhbSp4%2FgNyuwanlQ8EvRu5EA7zzJ141zEJkd7wYruDBI0y37fNU1d5JYUwaFh%2F2uGPqk6v2w9jBqMGR4TTsgYaQnlII%2ByYYqWVu3SSXxcjEJdEiDt6yjjseP9RoJuoT%2FAPyhASFm6QMSHF%2FUaOA0EOrwJKycj7bgHPEo4s8iT%2BUz0OLiC4OEAnovW2G8D9Xo7kJk%2BHyeE%2B96s5uedF%2BChjBLP%2FZ6uVrfYBJMmxO0%2Bw4y2vtRddLSA9pSWwQQNCsYoa8JgV21iNWh%2FdJoi6aqhHHM6AOtebVo6GO8sVff0eef8kMWNlLQtNLr8Fe6qS3ZLED5lLlDs2B1Ot2haPsOv8xNRs5D%2BWanDKuJaEm7iHnvENF4cMnEl6O4BuIWiVZsXvwaIbT4wPT2RVq4kndhIVrUiDyL9ClExIhJ1w9sCj7%2BUOziymVmSAbq7Vd0GF42zquFbDf4gHI5rSMJU1BWcIOg&nvMid=28198734222&catId=50006679
캐츠랑 20kg 전연령 점보 길냥이 길고양이 고양이 대용량 점보 사료 캣츠랑 새끼,"39,790원",https://cr.shopping.naver.com/adcr.nhn?x=iUBEj30AlsfibvYXYytADv%2F%2F%2Fw%3D%3DsG9JKDXP8UNgSNQVotIQKOEnbpuqBMDm9oEtLvz1Qz%2BXlvfv7DUtL2l91cQi8FExWfNc4tDbLsvwCpz6BUUCtiBN02N5vJJ%2B0T7PSGkfJ%2Fd22jvKmxZwWpWeh8fSbzJbddrlb%2BXHYcFSreUM0APz734ZYgwI2fs40XR%2FERq%2FGNyfWK4fiV391hyKbNzjTTmNIryyDDO8mG8ioMnD9kzTENsAH09h3c5uQDFH4b9%2BYK8P84irqoupb5cHtoCFQH9lAJV03cukp%2F9sq6JmLvPVclGOp7%2BEgWbFWRwHNDx2l4OVXNK18DrpYkdQibmML207Of5S5ycDGuwbfEdv1A6kKwjCD6Q4vzBsvVmMp%2Fkrc7SXx1ywJKu8OLgY7YfW5Uk60%2Ffyw9ZPJAAXIPLoVtoJbalr1Ul1fiDY5WasJgeeVkGKTn%2F0saSE4AIVbZhCfwnaoDS6Z4HtnbjPBOhqvjVvvcWT5sPPHPwd96xwGFouYO%2FhH%2Fvb4rGTkN9y2So7%2FfDzDPeWwChzs%2BMD3cnE89ygX5mK%2B1UbZEctNzDRhoKzqTi4JCpOvD%2FNS%2FVXcYKqjJuhnNiFgIp6Q8IO9tMwX%2FAlCl10O6QQ4IfxCgDhlTnYC8JWLHI48kBbOS6jy8wOdZH3gSI7a9i5Cs2ptyirzKMeqs%2BR79U%2F6Az3gE9mQ%2Flgn57E%3D&nvMid=85090418091&catId=50006679
로얄캐닌 캣 레날 스페셜,"30,980원",https://cr.shopping.naver.com/adcr.nhn?x=jwZDg3jqtx6GuFRVzjdVIf%2F%2F%2Fw%3D%3Ds5kYNd0pQ6BTxS2eOJCH1gIy69QtF2ON7JMnqBkJ1tnXlvfv7DUtL2l91cQi8FExWP1LGOI%2BdghHw6c%2FeLVYMiR%2BZtzHkQuwCNReaJX2ywaS2jvKmxZwWpWeh8fSbzJbddrlb%2BXHYcFSreUM0APz730gAn8lD2%2BxrgblrBqYwPdWug%2B9sjA7rHdeMLkY%2BwIMUX%2BN2Q5J%2Bt6lSf%2BsH%2Bdb1Axoxi%2B4ViC2tDpppCibZdQhBEyckz1DqXkfT8EP%2Be%2BpQ0OD1Elp2s%2Fh1j4PZFZ%2BVFItdIVMipf2YUByyvEE00A6vILxtYxzsWQA1HFpAwypHP2tfKoQ0NQPyiad34AQ6K9%2FdVvwtcOUlbNrGLU3RUnr%2B55WJ8aeKJq%2FZyj64ooT8ULwi9L40%2BwQ8nsPqaU2L%2FhGMbyhVGjhqviHlvEAX78727iIzorIrMfgEel2lU4bcS13L%2FQM%2BCZuq6rpKOfI%2BgzIcqezLhrCpTjX4kGfEOtgKz60mlloGFZxUDh3G55YxR02GJItrz2zGGPJtXsaHU3ztZGFRj6ik9sQZsdzsO8OUy967mlSa3mZfqZTLi6Dq%2BqUSdSjNo4xjHEJ%2B8KnCgKVupkpLEvv53yp3MR22qcduMtJeo%2BUg76dXanywhnXZHRyPBWbUFRhWScTsgQynPg%3D%3D&nvMid=15907247507&catId=50006679
로얄캐닌 스테럴라이즈드 파우치,"1,650원",https://cr.shopping.naver.com/adcr.nhn?x=5qs%2BSMzXsSf4EWa657Tnbf%2F%2F%2Fw%3D%3DsE%2BoCf%2FUwyb5sqmiUyUkqFxfB7glYHMU0LgyRBU9H%2BapyyO40cuyuY3j0PiedzqnIHjTm4o5eK0qBoafbI0slppmb59f1ZiULJD8%2BzlSrvTsZSwC068DVCO9IrvDuyA%2FLtZMvAly41ZjKBd%2FU33Vzl0ls1M9xucXxkPPt7QTmSRFr6kdrp7BvT8OlwZ7P37YyuooRq525HEi5gV9k%2F6hysvp4v67bJL1TcO7lBlYB%2FOB18bgcjglj0RFyVHgHDNCc19reJdRMLJTAb2Y1Tuj1pbAkVbmKmve9n%2BP63UJ4RLd%2FYQC6kVwXaA7h%2BqznJwQew6ZjbtkbN7RD61dGUzg7G1qsmhWtsS26cBgiQoajA6pKdfVI1I3hxEAcrAcWjVsnbSaYUAR5OgK45HyKFf50rx5Jnmcl1zy%2F84etwNP3srd2tI3J0tWG%2FvdJfSnXLI9%2FLpTEl5qHQ6bSWQg5m1P1kr21XU0TKsnjngk9NK71C8lKedAsP4LZaWpbSxi0XDLXSrmBUPHgqmKJiVZyVrYP4lTUIx96lSoyRTZTr1r%2FPmkBanS4vm2whXYe8vOXYSZmlMveu5pUmt5mX6mUy4ug6jFJNy8V1h2xUOZLFHYnbyu06wbxo3l0khLVcZw6YTtFSkApBYsCeumOztoO89ODCB0cjwVm1BUYVknE7IEMpz4%3D&nvMid=22277446760&catId=50006680
로얄캐닌 캣 가스트로 인테스티널 화이버 리스폰스,"40,900원",https://cr.shopping.naver.com/adcr.nhn?x=Xg%2F6oFLBwDVAs7GaGMCQZf%2F%2F%2Fw%3D%3DsLbMOlxxSSK6Fk2tSlh6jeA9jlC%2BFIR56tUhp3aW7wS13LE1%2F%2FbGG9nNijfsVoKSJheA%2B7iOpxxu43L4c3lH1mxoqS%2FCFP9rw9Dn%2Fa7fPV2DeEoM13qDuFfXFsdt%2Bvyr%2F4V9Tt2Upn4s2HA424mI9KdyGaSr%2B0dRu37W7MMIB4NFk9Io6iZoAfEBQfsbkhBMBmsfZY3MRmne04vOOlDmv8%2BEy0Arlk4I%2BzRPyKUds2SQJNDE3sA%2B63Ym5ZdmTkzbb8G%2BdSAWg6nqeGleSZFzX1wAjo3Fod201Lt5%2BKjueHR0LjgqDzbBF%2BT3sE3j69kq%2FgGwmPNX%2Fe%2BXkuZ30duRQYj%2FN1gL%2FBgCKENDMCz1nm%2F2R%2BaqvrHdx7trL94X%2Bv%2BWMs2i6N2KI17kCTL3WmfiP8oe01OtE2O0iRX4lzzIZBgDnwbgeJLsirrcWp0XcIQP%2FsckzTqbxeSSgAFLHEsUV6T1NldwultMJNEDBIubc5NqoSDEqB8bh3w%2BcnMVGM%2Bvtey%2F60bof9JFKMt4WznjqsK9h7%2FeIFKojvdXT%2B7HjvFryNHyBUXwWVD2ki0TxnNzyygF8QGIBVAA5zF7v%2FdxuVw2mSQBFvqpjGsB9NJISbccSzxwVRNV%2FYRemZK5z1sCEOpq1xjYjqdmw4nPwymVcB5%2FZ1NEl4pl%2FUBNKrc4CCgLNjqh%2FZemCCOboDhnweAmG&nvMid=31202178619&catId=50006679
로얄캐닌 인스팅티브 그레이비,"1,460원",https://cr.shopping.naver.com/adcr.nhn?x=oUINCDynBuvuwG4aaW8oTP%2F%2F%2Fw%3D%3Ds9EYBmMYbKqtwxQnnyKjSOAtqdmmR9nRXw7OWy%2FClSAp3LE1%2F%2FbGG9nNijfsVoKSJnX5Avz7trqTylsDHRPlDqC4aXTjRtNhVmWHgA01sl%2FfeEoM13qDuFfXFsdt%2Bvyr%2F4V9Tt2Upn4s2HA424mI9KdyGaSr%2B0dRu37W7MMIB4NFk9Io6iZoAfEBQfsbkhBMBprO5GIdRVFFSfCm%2B7FTeo9jR43wMVLk7EMXSW0Q%2FPH4JNDE3sA%2B63Ym5ZdmTkzbb8G%2BdSAWg6nqeGleSZFzX1wAjo3Fod201Lt5%2BKjueHR0LjgqDzbBF%2BT3sE3j69kq%2FgGwmPNX%2Fe%2BXkuZ30duRQYj%2FN1gL%2FBgCKENDMCz1nm%2F2y9aS1sD0mxVfgNFxiwVrZs2i6N2KI17kCTL3WmfiP8hNEx3GuUGT8yeRj%2BMOzXxl1aVDFzrc2XJNwMgIn5U7osckzTqbxeSSgAFLHEsUV6UTjeTuD07uBN2UgWCIivjiIJ0vemayI2bzuCuFD%2BQ39%2BEDNP3uTsJ8fc3mjLbcNcrAdB5JkJpokp8ACipx67VGkW71AuePoDWx3k5kjpzmLDWrhHEcp0p%2F%2FKKziu53PdHzdUPzJEKma5%2FIY1LNdBRONwLrntvaC9zHVsioYyHNdVoWd0jB03C5aYq3HUc1IKtSSLJQZncWk8e8Ttfjz6Fs%3D&nvMid=20118256153&catId=50006680
로얄캐닌 캣 유리너리 S/O 파우치,"4,750원",https://cr.shopping.naver.com/adcr.nhn?x=Djtp1VxwKpT5QTwLKRnAdv%2F%2F%2Fw%3D%3DsmLyUbt7gzurjoirnjrBljbFSH1ijpkWXLIlg1SGqi353LE1%2F%2FbGG9nNijfsVoKSJc7iUk4xkQ5BOMTj49xWWETTyw2U3Mh%2BmEdSXN1ETXpTeEoM13qDuFfXFsdt%2Bvyr%2F4V9Tt2Upn4s2HA424mI9KdyGaSr%2B0dRu37W7MMIB4NFk9Io6iZoAfEBQfsbkhBMBeQB9FtBTWeQHH%2FC%2F66TnOvTA9%2BFFXbyBV4xu4OqMyzIJNDE3sA%2B63Ym5ZdmTkzbb8G%2BdSAWg6nqeGleSZFzX1wAjo3Fod201Lt5%2BKjueHR0LjgqDzbBF%2BT3sE3j69kq%2FgGwmPNX%2Fe%2BXkuZ30duRQYj%2FN1gL%2FBgCKENDMCz1nm%2F2h3V4a2yUfulTS%2FB13WXfOs2i6N2KI17kCTL3WmfiP8hNEx3GuUGT8yeRj%2BMOzXxnKZFyrq4ioMHMkmEMMA9ngsckzTqbxeSSgAFLHEsUV6VUzKvlk2c3Nyj%2B9eanySDre%2Ffa06LLNlYbAff5Pm%2FgvoWZ76gK8lZGqELTStGzwefnJS9OjApSD2hLBTBQ5xZg3rK%2BAL3hYALH%2F0grPfjJeAYTYOqTv%2FsOm0kcFv3bjpIgc02%2Fm7ggHZElF4VhTNMdHk6UwcEmC233nq4UWs9e9b1NmOoRBMBsXNQGXzjfbC%2BFUQB%2FrDAzm2q1KHRsHkfE%3D&nvMid=31216719623&catId=50006680
퓨어비타 캣 그레인프리 치킨,"28,500원",https://cr.shopping.naver.com/adcr.nhn?x=ST0uRXLAIqkCbUSqwe9tQf%2F%2F%2Fw%3D%3Dswax78l0h0CUZ485NIipqXDK%2FH%2Fzp4sUQUMnZcvi0V%2F2PE0rvZrKZ4IYmOt4l2XuvtMNl%2BbT8k5DG64nFnwtOrdA1tJAi%2Bz0LKa13Vu5vwfMR8m%2BLYBi63iSHNJKGFS5f3CNNZX6StuFaNnPOvqqWJoZnlrSZr8PDPdBCvs8uWtdeJxHcKH4rYUhc5SxvGs%2FQVOhzxITio1B2cUlDhZ61DcjsZWTC1nxJX%2F2cqi5nO34Y4PjaoPhmmAikjKJWysGfm1BUauT18S0KW6k8SWFrmCDalGqmMcMYYHZgo72nQDg71KdeM1xXZUaJT7jRlNu6a%2BpHa6ewb0%2FDpcGez9%2B2Mmaf7oVVn%2BbTDsruUdhAA7vJ9ZYi%2BGsqlzUzaBodDkjFOiSHso0SSRvAEEo5QU4QSiarRVTjIfqtYOjwN96VupggiTB9V8Zm%2Fs2XKueCApZ4SrGiurM74EaOV%2BVwtR51sshJk4B4S4ts3h5fn2YILWAj62xH8zq%2FYnoI2tJp5iy7nYKtFewx5ub7PPviqzcvIzEVB3XEza7n5m%2FcW98K2mUQP0EoYJPG8OO6%2BqJnf0zr%2Fqy4FAfVXrxVJ0%2FiEW4NWNk6FiClugc9HaoAHnUD2ZBaXDVErSPhTMoKbbRnSiBUDhLBwu%2FFQS5xWYf5w6G3jQ%3D%3D&nvMid=7945777659&catId=50006679
로얄캐닌 인도어 7+캣 1.5kg 고양이 시니어 사료,"25,000원",https://cr.shopping.naver.com/adcr.nhn?x=pPntv26wmf7kcxGh%2Fr3liP%2F%2F%2Fw%3D%3DsVJAmHWUbPPVW9mdsszWs4J%2BYgBfc9rZQITVkimHp8KB3LE1%2F%2FbGG9nNijfsVoKSJuYO9tdLm8d1py2gemLZQmtNO1aoDDpFIRP3q35atCcDeEoM13qDuFfXFsdt%2Bvyr%2F4V9Tt2Upn4s2HA424mI9KScX2AUq8VPh3PK%2Fo8l8aTkQ30gwb0ZAWnfX3Zzr1ayR%2FatT%2FHVNEVJk5wRSL8y37l0nqvY1Rzc0209ZLsN9IpZdfDp9PuDk%2B%2BnTF9dtYLGeB7P9jx5KZr1oy9qstZx7mxzKUr9WCCQUy63t9Hg%2Bb%2B6%2BePSDfH6VF5KNbANstLRChqQvwmR%2FqlT0jQuNbOPrwm7iZo2tmmRzldUcKOvbCogY2FExMMLgp1Gz1BVSl27S77is9JIyGMmHBUvomh3gBCVlStuN7KlEbpu2iAN93RmBmOzw%2FlrzFKHIAm3hAXLc2lDTNeAQSOBa6llvtTo9UcjpnApu%2Fo49drB6j4EM6WGOG40PRhgG7ZDwOkbMHvErXtwlc07RCMHNaVMmHXJOeRGqxwJPsISgOXtwT3ZQXbyRNMJvVrOodtoYSHLP1wdUYN6a5Vp8tmWjSAQs%2F8tFxWO0QScdmj79W4Ike%2ByYeOsNUJgJp6CUXauCvW7Y5AjN&nvMid=85072101821&catId=50006679
로얄캐닌 마더앤베이비 캣,"8,720원",https://cr.shopping.naver.com/adcr.nhn?x=EMe9GKPGm9usRITtkt96rP%2F%2F%2Fw%3D%3Ds2FooIdj4990Kd9i0pNAMOSmrW2rLvoTJBNwCKHk1aKh3LE1%2F%2FbGG9nNijfsVoKSJNc0q89gb3%2B1dDSrGA7TFNB9z15M8wc%2BV%2BzQ8asZxfefeEoM13qDuFfXFsdt%2Bvyr%2F4V9Tt2Upn4s2HA424mI9KdyGaSr%2B0dRu37W7MMIB4NFk9Io6iZoAfEBQfsbkhBMBYIiGQJDRxZvduPjqdK4TPlLBiLZ6WeenDcy9SlFsAG0JNDE3sA%2B63Ym5ZdmTkzbb8G%2BdSAWg6nqeGleSZFzX1wAjo3Fod201Lt5%2BKjueHR0LjgqDzbBF%2BT3sE3j69kq%2FgGwmPNX%2Fe%2BXkuZ30duRQYj%2FN1gL%2FBgCKENDMCz1nm%2F3K%2BNyeJ6A55sIKj7amjXcVs2i6N2KI17kCTL3WmfiP8oe01OtE2O0iRX4lzzIZBgDWM7aUPsFN2J7B7c9csg8psckzTqbxeSSgAFLHEsUV6fMCJUzqd7Xv3HBgH3uxwdSsc4BEr4O1XJ22YbU6Sf1OuwP9L0j7YvHB2OKNn2rLcLnsAJ8sh5RfYwIUecC5GIxGGwKL0CDGlV5uVJQSUbIi%2BgtF15PMkmjkNDmi88yMRWW8EIPEiylxAKGL5t%2BY3jXQGH6I7KNd5fWkNdC6TETDy1Vhq%2FH77x9Zlr1IFzyuow%3D%3D&nvMid=20117344577&catId=50006679
로얄캐닌 캣 가스트로 인테스티널 파우치,"3,350원",https://cr.shopping.naver.com/adcr.nhn?x=jUTNe5gDyGyvfNQd6b8dYv%2F%2F%2Fw%3D%3DsIsBJgHklhtHssH7WfXvnzuXIjZs5DRVA8JoQWS%2FBebzlvfv7DUtL2l91cQi8FExWqht75pFS%2BCA%2F13uSEwjYqx%2BZtzHkQuwCNReaJX2ywaS2jvKmxZwWpWeh8fSbzJbddrlb%2BXHYcFSreUM0APz730gAn8lD2%2BxrgblrBqYwPdWug%2B9sjA7rHdeMLkY%2BwIMUIfOWRlnkHmYZPOd8qT25Khoxi%2B4ViC2tDpppCibZdQhBEyckz1DqXkfT8EP%2Be%2BpQ0OD1Elp2s%2Fh1j4PZFZ%2BVFItdIVMipf2YUByyvEE00A6vILxtYxzsWQA1HFpAwypHP2tfKoQ0NQPyiad34AQ6K9%2FdVvwtcOUlbNrGLU3RUnoAirmXXeSZE0M5votkX6tsULwi9L40%2BwQ8nsPqaU2L%2FppiBAXhh%2BGQD0HeTXiKo3OfOdPOIXJeHWYDISpkoq8ZS13L%2FQM%2BCZuq6rpKOfI%2Bg4Nb1gz9iUlsckaQVjEUIaniHg5dKXZXCxkyD6%2BIJpXTsgar45d4JXTKSDV3hZdY2fI0fIFRfBZUPaSLRPGc3PJrXJbGrPt52ajPudERtmXtfP%2FRtviPPvD6o6yQM0B9M46%2F74bs%2FzNmznhIO5N5zjVmETKzWQv0NclnM%2FMRSd1LBPvKIx9M7WNdbFjCn5ouW8tVYavx%2B%2B8fWZa9SBc8rqM%3D&nvMid=31216688620&catId=50006680
팬시피스트 화이트라벨 고양이 주식캔 참치와 흰살생선 85g,"1,290원",https://cr.shopping.naver.com/adcr.nhn?x=u5r%2BsgrzV%2FLapbkDIQhtxf%2F%2F%2Fw%3D%3Ds8BST1PEM1AsIUDlZ0zz2NQzHoJDz%2FkG18hY8YU7DZfaPE0rvZrKZ4IYmOt4l2XuvwTnu1AYQ6GH%2FyZQ1lPwkIW9UsPx72eS4QnFptf8kG0oR8m%2BLYBi63iSHNJKGFS5f3CNNZX6StuFaNnPOvqqWJsmscUZuB%2FB3GA4tAdwd4kJn0E%2B7lsL8Xc%2FJzL4VwihdIxDtNSTySc8rAJCIvyn0jYj5dZ9gao2IQjb0yPZz8Uvffisv5tHfoGFh7RH%2BtSaOAFJNLWxG%2Fj2gEfGb7GroeJ15WI2U%2BZ%2BWzhuVhlYJhprnkqrVBrvI5mJnjSHej1I4WRwr29M5T34BWpVvrODbS2lYobSW5vTriBC6fEQ2Wvd8xFiiHki%2FIAhpKNJriFwEp6Qh4bmanj0J8NdzFLjEMNHVq7ddG8j4vnzPYTbEKYUHap9ZU76gz5n4hj3F5DisvmFAGMpIzy%2Fg1dd2OBdwDiAzsrKw3ZJlaazxXck1GWCg4kuFEtv6vtI0sf3DcWhvwIJT5TF3Rwny5jvKIDTU%2BNOf4i9zFrBXE2548%2F2S160SqgFcuD8TQcSWY%2F%2BapfjOEQQRoB3xpM0XYPRiyTMqZKdFL%2FYSLxcwpZu5purolX7HICEQpPL7Rm%2B2fyhjEhHR&nvMid=9836164081&catId=50006680
캐츠랑 전연령 캣츠랑 5kgx2개 10kg 고양이사료 고양이 대용량 길냥이 길고양이 사료,"22,500원",https://cr.shopping.naver.com/adcr.nhn?x=M5cN8WUdeeFbM83fck0S9%2F%2F%2F%2Fw%3D%3DsoM%2Fps%2BbrGmw0O8%2BWs0Y7F3vCBzg%2FyFCBy1IBCdI5aWB3LE1%2F%2FbGG9nNijfsVoKSJnBMdMn74se%2BEXqG1irzlsGdv%2BKk54pvEAEBfoOI33MDeEoM13qDuFfXFsdt%2Bvyr%2F4V9Tt2Upn4s2HA424mI9KScX2AUq8VPh3PK%2Fo8l8aTkQ30gwb0ZAWnfX3Zzr1ayRlFLeqrSYHbNPt8AIt9B2gcWSrGeh9W6%2B4BH8WraxeZ9dfDp9PuDk%2B%2BnTF9dtYLGeB7P9jx5KZr1oy9qstZx7m0QIc6YJa575QRppSEcyLocEDpJ02O38cdlOv4XMjNKrXa1PYAb0zmPF1cRoKRscXXj7GMQ0Y4NbNN9rBD6hmsoB5Wwp8A%2FmsAr28ZW2WjVypTxkvg%2B4Rr7iKJEpj5Xxp9kRS9IK8usKGo1MrAHI7Ci6GTH2vRA9H6ojA5GXdf9eE8JQ0pSLTqRB8CsQokZxlLNnnNyIP0fAY6dtd%2FVPKsn1xY6ouy3s9g39Yxd3vpYq0mRi2nkCPqbTpzRqOXynkTn%2FuvBwidCUsKUbkykRToskn5VuzFVgNtopck%2B0g1hwi3SGYU8gEV5z7Oa6zL%2Fs3Hsh3KlQj%2FMAG8U%2FnjsGvGXhT6hFhAXRkBwrhxN0rsetZrcKHM7uTUoE4mEVBDdLHEf0o9ZfvDjpIds9klXVm24GruH08DlKshetxY8KUEZb&nvMid=86104854826&catId=50006679
고양이 샘플 사료 기호성테스트 길냥이 / 로 얄 캐 닌/ 키 튼 50g,900원,https://cr.shopping.naver.com/adcr.nhn?x=UQ478rnQCQuaRCbJZlW9Cv%2F%2F%2Fw%3D%3Dsekwge4YjhmIrpO5dXlM2%2BQhEBbMgBQx%2B1Zk4WV632Dt3LE1%2F%2FbGG9nNijfsVoKSJ2Uqz%2BIKPDxdkzUieb4oHqR30xfacpi3Sn17llIwo29neEoM13qDuFfXFsdt%2Bvyr%2F4V9Tt2Upn4s2HA424mI9KScX2AUq8VPh3PK%2Fo8l8aTkQ30gwb0ZAWnfX3Zzr1ayRXJ7vsclrwlAFGZOX2fTCwEiqBS9SrcYq5bOLlcQ%2FxpxdfDp9PuDk%2B%2BnTF9dtYLGeB7P9jx5KZr1oy9qstZx7m9oAUlNPnbZaoBOJILLzIYb5%2FTqrHKj35rSr%2FP9yFBZ7BiKvRADPdWrd2SSXVaHYENHQlAo%2BZT30%2BbOasuWStjelimVagQcReMeFyEZP6o5rRevkG9AkwD%2BWYRGT%2BnKGItknUyCkS1bwUvDhNPlBI7qsJD8ICqu0LejCXPL2gZ7VMcTsIY8DUuqPsZp2sbLqkegl9VxlZa7ZnQtd7OqRLjmiiz1YcN3rwSZenB4K5f0b4HD8Fw571fxQ98iXy2Zskwt06uXgRcNBP%2BqMrxLYiSd0fSDbPWacYjnpFef5GzFxWBo5W7sZCR6ewYgOY0A%2FNlmMruz%2BDRqP6Bjp6hQiH0%2BYJXd61nSX7MUYQLy7TmFShWw3%2BIByOa0jCVNQVnCDoA%3D%3D&nvMid=84540276219&catId=50006679
내추럴발란스 울트라 그레인프리 인도어 닭 연어,"19,490원",https://cr.shopping.naver.com/adcr.nhn?x=mCTp6qA7W4m6Z%2FRqXPAQWf%2F%2F%2Fw%3D%3DsXXD6MW6MuExhot5XaPRASaoRtyCsOtEDV5N9Q5LDw7ByyO40cuyuY3j0PiedzqnINm%2BwcRmSU52wrGCtLgYwBObWVuqNjYUEoRME8CCke0oZSwC068DVCO9IrvDuyA%2FLtZMvAly41ZjKBd%2FU33Vzl0ls1M9xucXxkPPt7QTmSRFr6kdrp7BvT8OlwZ7P37Yydadps4wRXtllHLTxws0AqVjCRIqi0R5LaM5rzIpDzIV18bgcjglj0RFyVHgHDNCc19reJdRMLJTAb2Y1Tuj1pbAkVbmKmve9n%2BP63UJ4RLd%2FYQC6kVwXaA7h%2BqznJwQew6ZjbtkbN7RD61dGUzg7G1qsmhWtsS26cBgiQoajA6rdw62JzqNVOO8oRzSO%2BkQbMYtTqz2d9AlLB1q5Qt4F7I%2BIenrOFwU7K%2B2psuAmz%2B5F3orw%2FDcfEmet5nEUnGWjLpTEl5qHQ6bSWQg5m1P1ksTieYh229XUKLEXkt%2FVXR5I%2FeMP5BGgqG6CzJb44M%2B4YrI4E%2FK3yYfolM6J1MJybKzX2Me7sw2QF9KFu4%2FLsM9HTYYki2vPbMYY8m1exodTmUjMcgp8RalEi4fqHxqefpTL3ruaVJreZl%2BplMuLoOruCh%2FHcivHBxeDi6TwV7%2FT%2BUrezODkZirJ%2F9gnGizIU24y0l6j5SDvp1dqfLCGddkdHI8FZtQVGFZJxOyBDKc%2B&nvMid=15556670995&catId=50006679
